case,mode,case_group,input_samples,input_peak,input_rms,input_crest,input_channel_delta_max,output_samples,output_peak,output_rms,output_crest,output_channel_delta_max,residual_rms,decode_action_ratio,gain_curve_mean_db,gain_curve_std_db,gain_curve_diff_std_db,gain_curve_diff_p95_db,input_level_span_db,gain_vs_input_slope,gain_vs_input_r2,mse,mae,max_abs_error,correlation,freq_response_delta_db,freq_delta_low_db,freq_delta_mid_db,freq_delta_high_db,transient_delta,overshoot_delta,undershoot_delta,channel_deviation_rms,soft_clip_dependency,reference_samples_used,mse_vs_reference,mae_vs_reference,max_abs_error_vs_reference,correlation_vs_reference,null_residual_rms_vs_reference,freq_response_delta_db_vs_reference,transient_delta_vs_reference,mse_vs_source,mae_vs_source,correlation_vs_source,freq_response_delta_db_vs_source,input_clip_l,input_clip_r,output_clip_l,output_clip_r,reference_available,source_available,reference_source_type,reference_trust_level,reference_license,reference_origin,reference_notes,cassette_priority,case_category,matrix_frequency_hz,matrix_level_db
silence,roundtrip,sanity,132300,0.0,0.0,0.0,0.0,132300,0.0,0.0,0.0,0.0,0.0,0.0,0.0,0.0,0.0,0.0,0.0,0.0,0.0,0.0,0.0,0.0,1.0,0.0,0.0,0.0,0.0,0.0,0.0,0.0,0.0,0.0,0,,,,,,,,,,,,False,False,False,False,False,False,synthetic,approximate,CC0-1.0,OpenCompanderX synthetic harness,Generated in harness; synthetic approximative signal case.,False,sanity,,
sine_-24db,roundtrip,legacy_tone,132300,0.06309533419730178,0.04461542169214011,1.4142045912437775,0.0,132300,0.09073450694918347,0.032581345860978154,2.7848606173710544,0.0,0.012424070512875203,0.2784703145608495,-2.783609011365661,0.5248604907706761,0.07997048531089904,0.0881883183988552,0.05865794517555045,0.2151770003456316,7.234487992724414e-05,0.00015435752810889512,0.01104718298687248,0.027755529137213575,0.9967192066325359,34.73516168532681,30.22540046030559,11.688457767460662,27.66349428370085,0.006007412280156381,0.020367096242912303,0.027755529137213575,0.0,0.0,0,,,,,,,,,,,,False,False,False,False,False,False,synthetic,approximate,CC0-1.0,OpenCompanderX synthetic harness,Generated in harness; synthetic approximative signal case.,False,legacy_tone,,
sine_-12db,roundtrip,legacy_tone,132300,0.25118704972415123,0.17761719292909026,1.4142045912437773,0.0,132300,0.3055844716398383,0.1216145107918469,2.5127303448424088,0.0,0.05694205275754308,0.3205886311933549,-3.3297449504735384,0.450694640144208,0.06999327461861606,0.07656497102357585,0.05865794517555756,0.1863567971528473,7.359182202815173e-05,0.0032423973722428188,0.05079796129536481,0.08351562969170451,0.997544252488045,34.46150252044433,28.488384227570567,17.50822646118172,27.00122019802798,0.013881486351991035,0.08351562969170451,0.08351540512145547,0.0,0.0,0,,,,,,,,,,,,False,False,False,False,False,False,synthetic,approximate,CC0-1.0,OpenCompanderX synthetic harness,Generated in harness; synthetic approximative signal case.,False,legacy_tone,,
sine_-6db,roundtrip,legacy_tone,132300,0.501184054322813,0.35439289154197073,1.4142045912437773,0.0,132300,0.4833487157759541,0.22902036287042446,2.1105054140946584,0.0,0.12627008716781715,0.356299717577329,-3.8128863081263398,0.31765764342818964,0.05002198879088181,0.055084637930403926,0.05865794517555223,0.13336443487231373,7.58691651382426e-05,0.01594413491336814,0.1127038893547769,0.23162359127990892,0.9986086380589462,34.206546125784,25.43654875018753,20.47780789227421,26.88253103743427,0.0436544263142587,0.18479461037884698,0.23162359127990892,0.0,0.0,0,,,,,,,,,,,,False,False,False,False,False,False,synthetic,approximate,CC0-1.0,OpenCompanderX synthetic harness,Generated in harness; synthetic approximative signal case.,False,legacy_tone,,
log_sweep,roundtrip,broadband,220500,0.12589254117719373,0.08901930073581416,1.4142162445289213,0.0,220500,0.3020521817307019,0.09935279021557525,3.040198278028331,0.0,0.05644039838591653,0.6340242837159188,-0.6124494730770167,3.2358550344726114,0.47269644403257427,0.8652603798673937,1.7602991744932375,-1.4889040956830342,0.00658734408098538,0.0031855185699609695,0.032727949055784536,0.25054020596467946,0.825952146102846,49.6065367423403,45.50460122585551,47.13173244938581,47.05231587436174,0.06044477524976699,0.25036229073420524,0.25054020596467946,0.0,0.0,0,,,,,,,,,,,,False,False,False,False,False,False,synthetic,approximate,CC0-1.0,OpenCompanderX synthetic harness,Generated in harness; synthetic approximative signal case.,True,broadband,,
pink_noise,roundtrip,broadband,176400,0.12589254117941673,0.030732349077030683,4.096417779970769,0.0,176400,0.15707839650639968,0.025996038227127587,6.042397504342951,0.0,0.022262681873675985,0.724405473134336,-1.088495732587988,1.9551189894264611,1.4522284128312488,2.7702713957327765,10.636657942331315,-0.8907108798499543,0.7775018021740623,0.0004956270042085013,0.017828928393453018,0.0737726033241839,0.7058732359268957,1.4197189545622297,1.759427232075927,1.6586891951464604,1.264221751728631,0.034691684051915105,0.0737726033241839,0.06604225951234145,0.0,0.0,0,,,,,,,,,,,,False,False,False,False,False,False,synthetic,approximate,CC0-1.0,OpenCompanderX synthetic harness,Generated in harness; synthetic approximative signal case.,True,broadband,,
white_noise,roundtrip,broadband,176400,0.1,0.02098551384685344,4.765191871391511,0.0,176400,0.11593396732271899,0.022713155457649604,5.104265126828663,0.0,0.002470826721687409,0.11773963409801776,0.6546181822127467,0.3807060725266053,0.07124303069617968,0.07077246440271068,1.144960936753371,0.17647240502118602,0.008190054944083314,6.104984688604547e-06,0.001714798802696966,0.05173351591356813,0.9967302994222291,1.5619124129982356,2.1583682261135277,1.848011636862799,1.423895371405245,0.09961967865460422,0.05165948525963571,0.05173351591356813,0.0,0.0,0,,,,,,,,,,,,False,False,False,False,False,False,synthetic,approximate,CC0-1.0,OpenCompanderX synthetic harness,Generated in harness; synthetic approximative signal case.,True,broadband,,
bursts,roundtrip,dynamic,132300,0.398104645142192,0.1625265717998708,2.4494742043313593,0.0,132300,0.4185288759848523,0.1121691613765019,3.7312294292727866,0.0,0.05156975464462283,0.3173004516955167,79.67327175919185,71.96690631954566,41.160644681035436,97.7464505430391,229.01887936994598,-0.6172204883776179,0.9199991460232051,0.0026594395941065977,0.026518221064671568,0.19239284280123228,0.9966111196781648,3.3010424495685426,2.6103548696702394,3.534801437272291,3.219548609955423,0.02901764306306887,0.18246686902041054,0.19239284280123228,0.0,0.0,0,,,,,,,,,,,,False,False,False,False,False,False,synthetic,approximate,CC0-1.0,OpenCompanderX synthetic harness,Generated in harness; synthetic approximative signal case.,True,dynamic,,
envelope_steps,roundtrip,dynamic,132300,0.6999955595175372,0.31262330900515617,2.2391022657430577,0.0,132300,0.47357768464875766,0.1967744366594295,2.406703292808353,0.0,0.11662930782997397,0.3730665771567608,-3.372558648084854,0.8353067519518848,0.09521691320033425,0.10803066574279296,18.89880717641264,-0.08717537833606273,0.6505839383297836,0.013602395444898828,0.08132631399950765,0.2797701749385867,0.9985253453539501,34.69004824776301,30.109190637869833,12.477113491823093,27.5627314897795,0.036201672388167835,0.27688177549317783,0.2797701749385867,0.0,0.0,0,,,,,,,,,,,,False,False,False,False,False,False,synthetic,approximate,CC0-1.0,OpenCompanderX synthetic harness,Generated in harness; synthetic approximative signal case.,True,dynamic,,
stereo_identical,roundtrip,sanity,132300,0.2327924982818279,0.12535636752853382,1.8570456600765757,0.0,132300,0.3512713406026069,0.10983181654935482,3.1982657816167235,0.0,0.018106122885055205,0.14443720125293083,-1.1876493840604085,0.44767145361829225,0.0700858417784373,0.0747968157849767,0.08220418025464582,-0.4689446155465679,0.0005731081910149705,0.00032783168592871986,0.014456124428462273,0.11949496582617114,0.9968473652377562,46.4131098855351,23.811286878520768,19.27845083356159,44.71645428901786,0.021872992050699404,0.09025510779427667,0.11949496582617114,0.0,0.0,0,,,,,,,,,,,,False,False,False,False,False,False,synthetic,approximate,CC0-1.0,OpenCompanderX synthetic harness,Generated in harness; synthetic approximative signal case.,False,sanity,,
stereo_different,roundtrip,sanity,132300,0.25118704972415123,0.14048546755147887,1.7879931220082061,0.3760260843762787,132300,0.3055844716398383,0.09611315550067435,3.179423982575354,0.45185020622130223,0.045155211882969,0.3214226543853906,-3.3480482765333166,0.45417283405767506,0.0726057217769242,0.07550689388650983,6.050471442201401,0.301688479456127,7.07590794148949e-05,0.0020389931601958243,0.03831849699710387,0.08351562969170451,0.9974046132995641,35.895620412893464,31.462868910086325,22.485062142006676,33.58200983554624,0.013881486351991035,0.08351562969170451,0.08351540512145547,0.13593178380617366,0.0,0,,,,,,,,,,,,False,False,False,False,False,False,synthetic,approximate,CC0-1.0,OpenCompanderX synthetic harness,Generated in harness; synthetic approximative signal case.,False,sanity,,
bass_heavy,roundtrip,music_like,176400,0.8069345244737309,0.4249639062031962,1.898830730551257,0.0,176400,0.7451778987361626,0.33741644049683894,2.208481298774011,0.0,0.15681262594193246,0.36900222266630006,-2.0054561438134,0.25680734836754143,0.25941508703411503,0.46319751806197806,2.0818870413637445,-0.07882519293027022,0.03949542732691491,0.02459019965480443,0.14012135928082065,0.35623991475120126,0.941060367454208,50.92494740476177,21.371805452647475,50.07468532639897,46.97115786136072,0.007983530562432062,0.2959251851600767,0.35623991475120126,0.0,0.0,0,,,,,,,,,,,,False,False,False,False,False,False,synthetic,approximate,CC0-1.0,OpenCompanderX synthetic harness,Generated in harness; synthetic approximative signal case.,True,music_like,,
treble_heavy,roundtrip,music_like,176400,0.64468280876922,0.3328551138965194,1.9368271114189464,0.0,176400,0.6635692003284368,0.24324870769299747,2.727945429276126,0.0,0.09054820483958324,0.27203489163676653,-2.728777528400374,0.07516054775101126,0.05979037670652872,0.0009497934795574814,0.014594665761304526,1.1946682650218776,0.0038531373250318968,0.008198977399671126,0.07345612166397748,0.43171948561298784,0.9989522290360746,47.725972051900236,77.5401289745158,44.61908533453319,34.0691052896055,0.42809418388289244,0.3900920312869025,0.43171948561298784,0.0,0.0,0,,,,,,,,,,,,False,False,False,False,False,False,synthetic,approximate,CC0-1.0,OpenCompanderX synthetic harness,Generated in harness; synthetic approximative signal case.,True,music_like,,
clipped_input,roundtrip,edge,132300,1.0,0.7604217414988207,1.315059716768436,0.0,132300,0.8744453731617204,0.5238888181346114,1.6691430374011815,0.0,0.24013259284340088,0.31578869953151295,-3.238885764406463,0.04654613578056864,0.03420421180688706,0.00456578845259099,0.08899814772913972,-0.04880627261154118,0.0005734675912354437,0.057663662145694544,0.20945863896459593,0.8978960219388868,0.9978516410339918,7.373626082528536,18.309070655929602,6.376724463689369,7.021104864637295,0.44957880781225784,0.48028436303989963,0.8978960219388868,0.0,0.0,0,,,,,,,,,,,,False,False,False,False,False,False,synthetic,approximate,CC0-1.0,OpenCompanderX synthetic harness,Generated in harness; synthetic approximative signal case.,False,edge,,
too_quiet,roundtrip,edge,132300,0.007943231958662872,0.005616748812614791,1.4142045912437773,0.0,132300,0.010149859597991013,0.004358153521548409,2.3289357632323306,0.0,0.0012925439439641266,0.23012315257203084,-2.231865190667067,0.3731673233074353,0.06121276669675636,0.06363181751066169,0.0586579451755469,0.16713415961547728,8.634299235510401e-05,1.6706698470783395e-06,0.0011527156281392905,0.002236604146081792,0.9982310238634774,35.729609605283656,27.97914153308535,8.115881356938756,29.679708851698962,0.00030386571895832967,0.001891360894530219,0.002236604146081792,0.0,0.0,0,,,,,,,,,,,,False,False,False,False,False,False,synthetic,approximate,CC0-1.0,OpenCompanderX synthetic harness,Generated in harness; synthetic approximative signal case.,False,edge,,
too_hot,roundtrip,edge,132300,1.0,0.7416095793195147,1.3484183968033139,0.0,132300,0.7296853584692212,0.4316951448274769,1.6902792797468997,0.0,0.3109683720942955,0.4193154737559263,-4.7077084911900995,0.18816280191607918,0.025385910900302865,0.03399606204715142,0.05781716879143417,0.07497847895334847,6.35837259683747e-05,0.09670132844297624,0.2774329401530902,0.7511515020490687,0.9989780449450643,10.313724011014624,20.80435584184073,10.88907658018733,10.035533460831227,0.1243517698135599,0.5047900800733003,0.7511515020490687,0.0,0.0,0,,,,,,,,,,,,False,False,False,False,False,False,synthetic,approximate,CC0-1.0,OpenCompanderX synthetic harness,Generated in harness; synthetic approximative signal case.,False,edge,,
dc_rumble,roundtrip,edge,176400,0.3499248868032556,0.15763882770434445,2.219788689748115,0.0,176400,0.24083399388984342,0.06177735112671656,3.898418910772804,0.0,0.14401870516173731,0.91359918910237,-7.184130969643863,3.145757538178365,2.1069840532918245,3.680614368512728,8.397044843571935,-1.0049119653607514,0.9415664259860296,0.020741387436463424,0.11915780283703857,0.2852064126269755,0.47237246137086497,41.578499926169734,7.5567695113992235,21.009251883487494,37.39121699709584,0.024761998555473688,0.12543950914431334,0.2852064126269755,0.0,0.0,0,,,,,,,,,,,,False,False,False,False,False,False,synthetic,approximate,CC0-1.0,OpenCompanderX synthetic harness,Generated in harness; synthetic approximative signal case.,False,edge,,
music_like,roundtrip,music_like,176400,0.41155968939246834,0.17191079292864833,2.3940305456172633,0.0,176400,0.3056575432627321,0.11923662615469281,2.5634534716386916,0.0,0.05823374432643639,0.3387439690921927,-3.2139750095573567,0.501870814858591,0.10873522530200608,0.15774920637387257,5.182503179589132,0.01739982289382168,0.0030382258222863,0.0033911689782767625,0.04926472587965115,0.166831799847547,0.9849610335270527,54.409484792651014,5.602139877956264,44.91488324038984,52.2397761003618,0.011194324723021166,0.166831799847547,0.12373111317707058,0.0,0.0,0,,,,,,,,,,,,False,False,False,False,False,False,synthetic,approximate,CC0-1.0,OpenCompanderX synthetic harness,Generated in harness; synthetic approximative signal case.,True,music_like,,
hf_burst_train,roundtrip,dynamic,132300,0.31606529331376754,0.1570562531918632,2.0124336783181476,0.0,132300,0.44777200387906024,0.13758090605358977,3.254608627919971,0.0,0.020419535048309664,0.130014148646248,34.25856982757976,66.46796775716776,85.94760582884253,166.24705725849952,226.99026109244318,-0.7127250422211612,0.995891886206932,0.00041695741158914674,0.01255232028620043,0.2756460804242259,0.9991283716425844,7.9762895702246634,8.631482778953378,8.149305742800339,7.655860044159364,0.2756460804242259,0.1754279838915726,0.2756460804242259,0.0,0.0,0,,,,,,,,,,,,False,False,False,False,False,False,synthetic,approximate,CC0-1.0,OpenCompanderX synthetic harness,Generated in harness; synthetic approximative signal case.,True,dynamic,,
bass_plus_hf,roundtrip,music_like,176400,1.0,0.38517886760271325,2.596196427451556,0.0,176400,0.8755740153243413,0.3401130144938162,2.5743619856106994,0.0,0.11494831040269946,0.29842839280908084,-1.0818849305109466,0.12644712588701554,0.18453648401377953,0.3213792237186457,1.4221952450496609,-0.05993873871865258,0.04231360238855064,0.013213114064435344,0.10063979092466076,0.3431778992265876,0.9573491586885632,14.179686534945423,15.490228853749969,16.699531798614252,14.874615230351525,0.28443032944749813,0.2788801794692207,0.3431778992265876,0.0,0.0,0,,,,,,,,,,,,False,False,False,False,False,False,synthetic,approximate,CC0-1.0,OpenCompanderX synthetic harness,Generated in harness; synthetic approximative signal case.,True,music_like,,
transient_train,roundtrip,dynamic,132300,0.8,0.04261610220506534,18.772247075775788,0.0,132300,0.6908649984155318,0.030872474705221854,22.37802459997407,0.0,0.012943289545305986,0.30371828664723705,93.11899055991705,90.70082777812365,123.91372692856983,194.19047334882373,215.92256087833917,-0.8400460893221554,0.9953000127989491,0.00016752874425362725,0.002768846409395674,0.5935190492966409,0.9900142204036797,4.901392730304289,3.6418901351027717,4.55684719474098,4.929607705753166,0.32904762853937,0.32428256475309347,0.5935190492966409,0.0,0.0,0,,,,,,,,,,,,False,False,False,False,False,False,synthetic,approximate,CC0-1.0,OpenCompanderX synthetic harness,Generated in harness; synthetic approximative signal case.,True,dynamic,,
fast_level_switches,roundtrip,dynamic,132300,0.5011586201290824,0.1830612960811551,2.737654713790007,0.0,132300,0.37316561599311526,0.12675768850777722,2.9439288487042714,0.0,0.05716337237790819,0.3122635619960126,-3.3960082235016884,0.827471627415189,0.23284913631534462,0.5807237667671034,24.036993362973078,0.01674080026617939,0.02606961083842041,0.003267651141615397,0.038828408996489976,0.2091250946896896,0.9978979643562912,3.2426273153501004,2.3846723502689917,4.296712212765177,2.9949146076051294,0.03480945848880602,0.19932112097534588,0.2091250946896896,0.0,0.0,0,,,,,,,,,,,,False,False,False,False,False,False,synthetic,approximate,CC0-1.0,OpenCompanderX synthetic harness,Generated in harness; synthetic approximative signal case.,True,dynamic,,
cassette_tone_400hz_-30db,roundtrip,cassette_tone_matrix,110250,0.031622576001133496,0.022360679774997894,1.4142045912437595,0.0,110250,0.043011767172996075,0.015916345167805827,2.7023645641963374,0.0,0.006636875476568466,0.2968100944761681,-3.0042925855744183,0.5119845578412907,0.08099049705596303,0.09282796431217441,0.14470191600468496,0.19149127653620845,0.0003651266504460793,4.40481160914759e-05,0.005915662901061984,0.011645196719204741,0.9964622793535202,37.29768970177926,16.172739545380306,15.356643824226898,33.864745105698795,0.0009098238669059833,0.009755161907182956,0.011645196719204741,0.0,0.0,0,,,,,,,,,,,,False,False,False,False,False,False,synthetic,approximate,CC0-1.0,OpenCompanderX synthetic harness,Generated in harness; synthetic approximative signal case.,True,cassette_tone_matrix,400.0,-30.0
cassette_tone_400hz_-24db,roundtrip,cassette_tone_matrix,110250,0.06309533419730096,0.04461542169214011,1.4142045912437593,0.0,110250,0.08603401483613697,0.031049195482412723,2.7708935287830387,0.0,0.013948035281069986,0.3126281171859283,-3.204297558077748,0.5329003530324155,0.08414198373097131,0.09605951519769833,0.14470191600468496,0.19670100490356293,0.0003556152775653354,0.00019454768820197308,0.012434653242438991,0.023571273816126323,0.9962089964471338,37.14315051833374,16.14324764862757,15.52936087565244,33.6364622695073,0.0022486113046442466,0.020505898621246584,0.023571273816126323,0.0,0.0,0,,,,,,,,,,,,False,False,False,False,False,False,synthetic,approximate,CC0-1.0,OpenCompanderX synthetic harness,Generated in harness; synthetic approximative signal case.,True,cassette_tone_matrix,400.0,-24.0
cassette_tone_400hz_-18db,roundtrip,cassette_tone_matrix,110250,0.12589174257424182,0.08901946956877224,1.4142045912437593,0.0,110250,0.16731537421082598,0.06035605996184761,2.7721387763977585,0.0,0.029373882516332758,0.3299714394909968,-3.431642220798933,0.5367990079696168,0.0845757809532296,0.09662796823925629,0.1447019160046743,0.19570244698757142,0.00034691922838436806,0.0008628249740833192,0.026197486356467032,0.04318299850906386,0.9961634678578994,36.946752615617335,15.908931117886791,15.971359257707586,33.39518410149299,0.0037819618004070465,0.04318299850906386,0.043182194361813905,0.0,0.0,0,,,,,,,,,,,,False,False,False,False,False,False,synthetic,approximate,CC0-1.0,OpenCompanderX synthetic harness,Generated in harness; synthetic approximative signal case.,True,cassette_tone_matrix,400.0,-18.0
cassette_tone_400hz_-12db,roundtrip,cassette_tone_matrix,110250,0.25118704972414796,0.17761719292909026,1.4142045912437589,0.0,110250,0.30724542644416,0.11634957027882296,2.640709593579671,0.0,0.06242641486854557,0.3514660593328256,-3.724697900992767,0.5064522918242393,0.07977135480773273,0.09179354384080647,0.1447019160046743,0.1814784833438242,0.00033514478788221336,0.003897057273339767,0.055703272935952355,0.09173917498774248,0.996532653888563,36.568587516058706,15.357399021575306,16.96898799009919,32.901908431164536,0.00510058508372062,0.09173890581479918,0.09173917498774248,0.0,0.0,0,,,,,,,,,,,,False,False,False,False,False,False,synthetic,approximate,CC0-1.0,OpenCompanderX synthetic harness,Generated in harness; synthetic approximative signal case.,True,cassette_tone_matrix,400.0,-12.0
cassette_tone_400hz_-6db,roundtrip,cassette_tone_matrix,110250,0.5011840543228065,0.3543928915419707,1.4142045912437593,0.0,110250,0.5131306724128001,0.22008762364422932,2.33148354240161,0.0,0.13584429332693004,0.3833155138520662,-4.173956764966792,0.4270857625587401,0.06675032126644606,0.07880715365695697,0.1447019160046743,0.1430323051626549,0.00029275030558562065,0.018453672029493013,0.12116198978818496,0.19977323237008837,0.9973352039445521,35.80138715690768,14.270743116987411,18.939020754193212,31.90199500491308,0.010738833913079102,0.19977137499842312,0.19977323237008837,0.0,0.0,0,,,,,,,,,,,,False,False,False,False,False,False,synthetic,approximate,CC0-1.0,OpenCompanderX synthetic harness,Generated in harness; synthetic approximative signal case.,True,cassette_tone_matrix,400.0,-6.0
cassette_tone_1000hz_-30db,roundtrip,cassette_tone_matrix,110250,0.031622576001133766,0.0223606797749979,1.414204591243771,0.0,110250,0.04531483209798537,0.016777730266753544,2.7008916806691334,0.0,0.0058081492724149095,0.2597483319317136,-2.5518147819958394,0.5406756741606787,0.08459396566182929,0.09277746238299164,0.058657945175539794,0.31132504765727603,0.00014269794649868217,3.373459797065384e-05,0.005151320640719074,0.013745998113861749,0.9965813065544682,34.749109128742674,30.15791108960376,9.872171207431277,27.975989656280426,0.0028798118959921636,0.009990422889600198,0.013745998113861749,0.0,0.0,0,,,,,,,,,,,,False,False,False,False,False,False,synthetic,approximate,CC0-1.0,OpenCompanderX synthetic harness,Generated in harness; synthetic approximative signal case.,True,cassette_tone_matrix,1000.0,-30.0
cassette_tone_1000hz_-24db,roundtrip,cassette_tone_matrix,110250,0.06309533419730151,0.04461542169214011,1.4142045912437717,0.0,110250,0.09073450694918347,0.03274480206089994,2.770959090863711,0.0,0.012325529703139958,0.27626164307467127,-2.749277086770017,0.569022634832609,0.08727999566684638,0.09723328356389663,0.05865794517555045,0.32573951900829007,0.0001410409013359315,0.0001519186824629854,0.010933703086999405,0.027755529137213575,0.9962330448055834,34.73516168532681,30.22540046030559,11.688457767460662,27.66349428370085,0.006007412280156381,0.020367096242912303,0.027755529137213575,0.0,0.0,0,,,,,,,,,,,,False,False,False,False,False,False,synthetic,approximate,CC0-1.0,OpenCompanderX synthetic harness,Generated in harness; synthetic approximative signal case.,True,cassette_tone_matrix,1000.0,-24.0
cassette_tone_1000hz_-18db,roundtrip,cassette_tone_matrix,110250,0.12589174257424293,0.08901946956877224,1.4142045912437717,0.0,110250,0.17311825435894446,0.06356484079926557,2.7234907250950697,0.0,0.02624567959677439,0.2948307794229016,-2.985305442330242,0.5575757621886283,0.08540295921059818,0.0954376098655889,0.058657945175554005,0.31926235920950957,0.00014110776770503985,0.0006888356974965395,0.023321684783673354,0.04756775936944818,0.9963863812733135,34.63017696885435,29.75113376526134,14.337941510438593,27.366491991029648,0.006157153117688937,0.03886330358914972,0.04756775936944818,0.0,0.0,0,,,,,,,,,,,,False,False,False,False,False,False,synthetic,approximate,CC0-1.0,OpenCompanderX synthetic harness,Generated in harness; synthetic approximative signal case.,True,cassette_tone_matrix,1000.0,-18.0
cassette_tone_1000hz_-12db,roundtrip,cassette_tone_matrix,110250,0.2511870497241502,0.17761719292909026,1.4142045912437715,0.0,110250,0.3055844716398383,0.12211799149873492,2.5023705998555013,0.0,0.056586007272685084,0.31858406463655686,-3.3007491838145704,0.4887897028490279,0.07639267839502065,0.0844135473418187,0.05865794517555756,0.28178726425593065,0.00014304144305032906,0.003201976219064369,0.05041200171205617,0.08351562969170112,0.9971920971640897,34.46150252044433,28.488384227570567,17.50822646118172,27.00122019802798,0.013881486351991035,0.08351562969170112,0.08351540512144795,0.0,0.0,0,,,,,,,,,,,,False,False,False,False,False,False,synthetic,approximate,CC0-1.0,OpenCompanderX synthetic harness,Generated in harness; synthetic approximative signal case.,True,cassette_tone_matrix,1000.0,-12.0
cassette_tone_1000hz_-6db,roundtrip,cassette_tone_matrix,110250,0.5011840543228109,0.3543928915419708,1.414204591243771,0.0,110250,0.4833487157759541,0.2296377466848773,2.1048312951756762,0.0,0.12576970461860756,0.35488777461472487,-3.793148545922583,0.3447509610646506,0.054588627200146005,0.06023432996381826,0.05865794517555223,0.2024120386360721,0.0001483627807545851,0.0158180185998518,0.11218450643652596,0.23162359127990892,0.9984384800519343,34.206546125784,25.43654875018753,20.47780789227421,26.88253103743427,0.0436544263142587,0.18479461037884182,0.23162359127990892,0.0,0.0,0,,,,,,,,,,,,False,False,False,False,False,False,synthetic,approximate,CC0-1.0,OpenCompanderX synthetic harness,Generated in harness; synthetic approximative signal case.,True,cassette_tone_matrix,1000.0,-6.0
cassette_tone_3150hz_-30db,roundtrip,cassette_tone_matrix,110250,0.030829927569728566,0.022360679774997883,1.37875627574616,0.0,110250,0.05845109076963794,0.022276809818258872,2.6238537405714766,0.0,0.002059507046262851,0.09210395511167084,-0.0910176540312911,0.549197886710242,0.0856307654643583,0.09447009032460263,0.01452652396002918,-1.7446074403860454,0.0002953682247796019,4.241569273606334e-06,0.001401743582852773,0.027621163199966103,0.9957496031986718,15.81555219523161,63.910214851941795,11.482345411528097,15.022664808672554,0.011769655679474732,0.025133619055718037,0.027621163199966103,0.0,0.0,0,,,,,,,,,,,,False,False,False,False,False,False,synthetic,approximate,CC0-1.0,OpenCompanderX synthetic harness,Generated in harness; synthetic approximative signal case.,True,cassette_tone_matrix,3150.0,-30.0
cassette_tone_3150hz_-24db,roundtrip,cassette_tone_matrix,110250,0.06151379265309951,0.044615421692140084,1.3787562757461602,0.0,110250,0.11152442392658035,0.04332567309021529,2.5740955874905294,0.0,0.004155822015391812,0.09314765741918214,-0.3096884900958085,0.5317003709551328,0.0834630249203455,0.09169693243900862,0.014526523960025628,-1.7053854199210121,0.00030111834290913464,1.7270856623615262e-05,0.0032036574105349393,0.05001063127359403,0.9959629716924161,16.83900685654339,63.60561934711959,11.358179939770375,17.07039974184166,0.021351514827889963,0.04519935555818532,0.05001063127359403,0.0,0.0,0,,,,,,,,,,,,False,False,False,False,False,False,synthetic,approximate,CC0-1.0,OpenCompanderX synthetic harness,Generated in harness; synthetic approximative signal case.,True,cassette_tone_matrix,3150.0,-24.0
cassette_tone_3150hz_-18db,roundtrip,cassette_tone_matrix,110250,0.12273615233153898,0.0890194695687722,1.37875627574616,0.0,110250,0.20199131540497364,0.08377892632776973,2.411003867663803,0.0,0.008848439482360616,0.0993989239120857,-0.5714111321358059,0.4757367613851113,0.07554388284487082,0.08272452961849598,0.014526523960022075,-1.5613633150251358,0.00031528300841987544,7.829488127299823e-05,0.007426209465855767,0.07925516307366048,0.9965921767927877,18.094719774240364,61.56093735431838,10.541765999205396,19.680075381852447,0.0344175892010707,0.07158700620004424,0.07925516307366048,0.0,0.0,0,,,,,,,,,,,,False,False,False,False,False,False,synthetic,approximate,CC0-1.0,OpenCompanderX synthetic harness,Generated in harness; synthetic approximative signal case.,True,cassette_tone_matrix,3150.0,-18.0
cassette_tone_3150hz_-12db,roundtrip,cassette_tone_matrix,110250,0.2448908194313995,0.17761719292909012,1.3787562757461602,0.0,110250,0.3469006089368624,0.16033786960910376,2.163560048431415,0.0,0.021135592347165805,0.11899519409477291,-0.9191222738303769,0.38811216835341833,0.061098196482618,0.06825530660410473,0.014526523960020299,-1.2980426696369274,0.00032740813534382074,0.0004467132638655737,0.018444814073336768,0.14278646322435629,0.9973991653523852,20.83357893441716,56.88828626027031,8.794194577712942,23.817607938600343,0.0814753546204881,0.09342105217572105,0.14278646322435629,0.0,0.0,0,,,,,,,,,,,,False,False,False,False,False,False,synthetic,approximate,CC0-1.0,OpenCompanderX synthetic harness,Generated in harness; synthetic approximative signal case.,True,cassette_tone_matrix,3150.0,-12.0
cassette_tone_3150hz_-6db,roundtrip,cassette_tone_matrix,110250,0.48862142329332003,0.3543928915419705,1.37875627574616,0.0,110250,0.566884101266919,0.2908467891053441,1.949081518178957,0.0,0.06576603165062325,0.18557378892244125,-1.7225517006233029,0.08386764295046971,0.0646564177134481,0.0008676958906872256,0.014526523960027404,-1.3553615614735992,0.00764447212335273,0.00432517091907078,0.05842173025764706,0.386517067085828,0.9986074958321447,35.36816671907949,54.60192041938182,16.704712346169092,35.891785594923405,0.18994567783047048,0.2410457781020861,0.386517067085828,0.0,0.0,0,,,,,,,,,,,,False,False,False,False,False,False,synthetic,approximate,CC0-1.0,OpenCompanderX synthetic harness,Generated in harness; synthetic approximative signal case.,True,cassette_tone_matrix,3150.0,-6.0
cassette_tone_10000hz_-30db,roundtrip,cassette_tone_matrix,110250,0.031622576001136674,0.022360679774998005,1.4142045912438945,0.0,110250,0.06684666117133932,0.024912131260999677,2.683297565792325,0.0,0.003236641157480413,0.14474699293799542,0.8745145548870668,0.5780482974225503,0.08736236416103077,0.09936418319915435,0.008086829751036362,-7.201866503828936,0.0012934052140395336,1.0475845982296147e-05,0.002240468720301216,0.03529627380975368,0.996440250251824,27.230214095007092,114.01575760481423,48.56151974839267,13.638234278835844,0.04593746299991511,0.034436738848641436,0.03529627380975368,0.0,0.0,0,,,,,,,,,,,,False,False,False,False,False,False,synthetic,approximate,CC0-1.0,OpenCompanderX synthetic harness,Generated in harness; synthetic approximative signal case.,True,cassette_tone_matrix,10000.0,-30.0
cassette_tone_10000hz_-24db,roundtrip,cassette_tone_matrix,110250,0.06309533419730731,0.04461542169214033,1.414204591243895,0.0,110250,0.12448497304789684,0.048394849421525846,2.5722773091742774,0.0,0.005270741208546889,0.11813720477454119,0.6493810373772995,0.54363363257129,0.08314517621106146,0.09400685084975328,0.008086829751036362,-6.850207197397921,0.001323023345655261,2.7780712887474314e-05,0.0033333080266326983,0.06170671306543636,0.9968745605676312,28.248876070725185,109.158842749,51.05388157134954,15.017259141203603,0.08117272280788866,0.06067091937980153,0.06170671306543636,0.0,0.0,0,,,,,,,,,,,,False,False,False,False,False,False,synthetic,approximate,CC0-1.0,OpenCompanderX synthetic harness,Generated in harness; synthetic approximative signal case.,True,cassette_tone_matrix,10000.0,-24.0
cassette_tone_10000hz_-18db,roundtrip,cassette_tone_matrix,110250,0.1258917425742545,0.08901946956877269,1.4142045912438947,0.0,110250,0.2209639362143102,0.0934287775882818,2.3650522025242076,0.0,0.007537116189637226,0.0846681768173688,0.37776909590905927,0.46432973184507964,0.07233163975334765,0.08130495326922738,0.008086829751032809,-5.993669117754935,0.0013883701500280177,5.6808120456091576e-05,0.004019653651358632,0.09704115555521632,0.9977536254135149,27.880767487920743,104.81413528228299,48.6789001354718,16.419522454572924,0.12769314080517907,0.09396404310851256,0.09704115555521632,0.0,0.0,0,,,,,,,,,,,,False,False,False,False,False,False,synthetic,approximate,CC0-1.0,OpenCompanderX synthetic harness,Generated in harness; synthetic approximative signal case.,True,cassette_tone_matrix,10000.0,-18.0
cassette_tone_10000hz_-12db,roundtrip,cassette_tone_matrix,110250,0.2511870497241733,0.17761719292909112,1.4142045912438945,0.0,110250,0.3838862902225287,0.17578785748228962,2.1838043635135875,0.0,0.005291946927095747,0.029794114183576893,-0.09855819593177284,0.10584416517739584,0.08501088881618439,0.0007924412807845153,0.008086829751032809,-3.611443341847037,0.00970064237702506,2.8004702279198118e-05,0.003277603312518361,0.22100353383784102,0.9996051270826258,34.85586229946605,104.15499686764478,50.71864287733812,28.20689547583631,0.22100353383784102,0.16413072857021427,0.22100353383784102,0.0,0.0,0,,,,,,,,,,,,False,False,False,False,False,False,synthetic,approximate,CC0-1.0,OpenCompanderX synthetic harness,Generated in harness; synthetic approximative signal case.,True,cassette_tone_matrix,10000.0,-12.0
cassette_tone_10000hz_-6db,roundtrip,cassette_tone_matrix,110250,0.501184054322857,0.3543928915419724,1.4142045912438945,0.0,110250,0.5899988686692053,0.2522570540037501,2.3388795647333382,0.0,0.10257054086492176,0.2894260672629035,-2.961865225187326,0.10803644829012067,0.08871251617077344,0.0005739590385240856,0.008086829751036362,-3.7057367301354067,0.009803502276134468,0.010520715853322584,0.09128559161976005,0.4683409956990788,0.9995023024579113,34.33694094268549,100.3744731297011,47.25689033878311,28.079128557874853,0.5050363541191043,0.38958202659111285,0.4683409956990788,0.0,0.0,0,,,,,,,,,,,,False,False,False,False,False,False,synthetic,approximate,CC0-1.0,OpenCompanderX synthetic harness,Generated in harness; synthetic approximative signal case.,True,cassette_tone_matrix,10000.0,-6.0
cassette_two_tone_400_3150,roundtrip,music_like,132300,0.35404062690899674,0.18017988424134018,1.9649287066628396,0.0,132300,0.5030222312935227,0.162735828047001,3.0910355594727483,0.0,0.02240376492514185,0.12434109955988953,-0.9125423381722876,0.3770913919677192,0.05772176381715538,0.06311737739575994,0.12574520520921872,0.25659004103402216,0.0005324620731720353,0.0005019286828210163,0.01812709353542868,0.14967385688727514,0.996630174242376,45.08298367373684,16.82431569278177,20.822507166965885,45.66269424266055,0.05261953935822186,0.11018920643905156,0.14967385688727514,0.0,0.0,0,,,,,,,,,,,,False,False,False,False,False,False,synthetic,approximate,CC0-1.0,OpenCompanderX synthetic harness,Generated in harness; synthetic approximative signal case.,True,music_like,,
cassette_multi_tone_bass_hf,roundtrip,music_like,154350,0.443463033197352,0.1948944012630156,2.2754016037581595,0.0,154350,0.6847182974672948,0.20382097359780874,3.359410395214873,0.0,0.05051458784361112,0.25918952784816135,0.3633693525668998,0.3696513449045191,0.0874882023812369,0.1134299908715105,0.4460751685992186,-0.1628695492702084,0.0036893959822261735,0.002551723585009904,0.04462488075067001,0.3102395015119981,0.9688853719020385,50.964503915952,16.289145453856225,31.686917062145476,43.88759367013722,0.11379224180791862,0.170904839482298,0.3102395015119981,0.0,0.0,0,,,,,,,,,,,,False,False,False,False,False,False,synthetic,approximate,CC0-1.0,OpenCompanderX synthetic harness,Generated in harness; synthetic approximative signal case.,True,music_like,,
